corridor,product,pathway,year,parameter,mean_abs_pct_change,rank
halifax_hamburg,ammonia,cbam_default,2030,carbon_price,43.03399157772684,1
halifax_hamburg,ammonia,cbam_default,2030,origin_carbon_price_eur_per_tco2e,23.25784847834298,2
halifax_hamburg,ammonia,cbam_default,2030,embedded_emissions_tco2e_per_tonne,19.44197533443883,3
halifax_hamburg,ammonia,cbam_default,2030,fueleu_actual_intensity_gco2e_mj,2.1238863016741516,4
halifax_hamburg,ammonia,cbam_default,2030,service_speed_knots,0.5881216878197579,5
halifax_hamburg,ammonia,cbam_default,2030,cargo_tonnes,0.5812756932928864,6
halifax_hamburg,ammonia,cbam_default,2030,engine_load_fraction,0.560810215836683,7
halifax_hamburg,ammonia,cbam_default,2030,main_engine_power_kw,0.560810215836683,7
halifax_hamburg,ammonia,cbam_default,2030,sfoc_g_per_kwh,0.560810215836683,7
halifax_hamburg,ammonia,cbam_default,2030,vlsfo_carbon_factor,0.32906538567175314,8
halifax_hamburg,ammonia,cbam_default,2030,port_days,0.0,9
halifax_hamburg,ammonia,green_electrolysis,2030,carbon_price,40.523748319519925,1
halifax_hamburg,ammonia,green_electrolysis,2030,origin_carbon_price_eur_per_tco2e,21.37799802011038,2
halifax_hamburg,ammonia,green_electrolysis,2030,embedded_emissions_tco2e_per_tonne,17.870548541654276,3
halifax_hamburg,ammonia,green_electrolysis,2030,fueleu_actual_intensity_gco2e_mj,8.104861776875591,4
halifax_hamburg,ammonia,green_electrolysis,2030,service_speed_knots,2.2443032774422225,5
halifax_hamburg,ammonia,green_electrolysis,2030,cargo_tonnes,2.2181786024434604,6
halifax_hamburg,ammonia,green_electrolysis,2030,engine_load_fraction,2.140081264629499,7
halifax_hamburg,ammonia,green_electrolysis,2030,main_engine_power_kw,2.140081264629499,7
halifax_hamburg,ammonia,green_electrolysis,2030,sfoc_g_per_kwh,2.140081264629499,7
halifax_hamburg,ammonia,green_electrolysis,2030,vlsfo_carbon_factor,1.2557308102234646,8
halifax_hamburg,ammonia,green_electrolysis,2030,port_days,0.0,9
halifax_hamburg,ammonia,grey_smr,2030,carbon_price,42.878165313674224,1
halifax_hamburg,ammonia,grey_smr,2030,origin_carbon_price_eur_per_tco2e,23.141154579085892,2
halifax_hamburg,ammonia,grey_smr,2030,embedded_emissions_tco2e_per_tonne,19.344427192221442,3
halifax_hamburg,ammonia,grey_smr,2030,fueleu_actual_intensity_gco2e_mj,2.4951622967969227,4
halifax_hamburg,ammonia,grey_smr,2030,service_speed_knots,0.6909310824311593,5
halifax_hamburg,ammonia,grey_smr,2030,cargo_tonnes,0.6828883414360019,6
halifax_hamburg,ammonia,grey_smr,2030,engine_load_fraction,0.6588452993511151,7
halifax_hamburg,ammonia,grey_smr,2030,main_engine_power_kw,0.6588452993511151,7
halifax_hamburg,ammonia,grey_smr,2030,sfoc_g_per_kwh,0.6588452993511151,7
halifax_hamburg,ammonia,grey_smr,2030,vlsfo_carbon_factor,0.38658921754045383,8
halifax_hamburg,ammonia,grey_smr,2030,port_days,0.0,9
halifax_hamburg,hydrogen,blue_smr_ccs,2030,carbon_price,35.60181228783864,1
halifax_hamburg,hydrogen,blue_smr_ccs,2030,fueleu_actual_intensity_gco2e_mj,19.832003598590376,2
halifax_hamburg,hydrogen,blue_smr_ccs,2030,origin_carbon_price_eur_per_tco2e,17.692098785326,3
halifax_hamburg,hydrogen,blue_smr_ccs,2030,embedded_emissions_tco2e_per_tonne,14.789388129304276,4
halifax_hamburg,hydrogen,blue_smr_ccs,2030,service_speed_knots,5.49164586638027,5
halifax_hamburg,hydrogen,blue_smr_ccs,2030,cargo_tonnes,5.427720698641376,6
halifax_hamburg,hydrogen,blue_smr_ccs,2030,engine_load_fraction,5.23662222870991,7
halifax_hamburg,hydrogen,blue_smr_ccs,2030,main_engine_power_kw,5.23662222870991,7
halifax_hamburg,hydrogen,blue_smr_ccs,2030,sfoc_g_per_kwh,5.23662222870991,7
halifax_hamburg,hydrogen,blue_smr_ccs,2030,vlsfo_carbon_factor,3.0726813896156324,8
halifax_hamburg,hydrogen,blue_smr_ccs,2030,port_days,0.0,9
halifax_hamburg,hydrogen,cbam_default,2030,carbon_price,42.38676357999677,1
halifax_hamburg,hydrogen,cbam_default,2030,origin_carbon_price_eur_per_tco2e,22.77315766436068,2
halifax_hamburg,hydrogen,cbam_default,2030,embedded_emissions_tco2e_per_tonne,19.03680686586584,3
halifax_hamburg,hydrogen,cbam_default,2030,fueleu_actual_intensity_gco2e_mj,3.665989748673365,4
halifax_hamburg,hydrogen,cbam_default,2030,service_speed_knots,1.0151428900973678,5
halifax_hamburg,hydrogen,cbam_default,2030,cargo_tonnes,1.0033261813897552,6
halifax_hamburg,hydrogen,cbam_default,2030,engine_load_fraction,0.968001206367777,7
halifax_hamburg,hydrogen,cbam_default,2030,main_engine_power_kw,0.968001206367777,7
halifax_hamburg,hydrogen,cbam_default,2030,sfoc_g_per_kwh,0.968001206367777,7
halifax_hamburg,hydrogen,cbam_default,2030,vlsfo_carbon_factor,0.5679919539784117,8
halifax_hamburg,hydrogen,cbam_default,2030,port_days,0.0,9
halifax_hamburg,hydrogen,green_electrolysis,2030,carbon_price,32.21525882995082,1
halifax_hamburg,hydrogen,green_electrolysis,2030,fueleu_actual_intensity_gco2e_mj,27.900900153083597,2
halifax_hamburg,hydrogen,green_electrolysis,2030,origin_carbon_price_eur_per_tco2e,15.156004305706924,3
halifax_hamburg,hydrogen,green_electrolysis,2030,embedded_emissions_tco2e_per_tonne,12.669386085070764,4
halifax_hamburg,hydrogen,green_electrolysis,2030,service_speed_knots,7.725990076204942,5
halifax_hamburg,hydrogen,green_electrolysis,2030,cargo_tonnes,7.636056161384612,6
halifax_hamburg,hydrogen,green_electrolysis,2030,engine_load_fraction,7.367206909595281,7
halifax_hamburg,hydrogen,green_electrolysis,2030,main_engine_power_kw,7.367206909595281,7
halifax_hamburg,hydrogen,green_electrolysis,2030,sfoc_g_per_kwh,7.367206909595281,7
halifax_hamburg,hydrogen,green_electrolysis,2030,vlsfo_carbon_factor,4.322839910133807,8
halifax_hamburg,hydrogen,green_electrolysis,2030,port_days,0.0,9
halifax_hamburg,hydrogen,grey_smr,2030,carbon_price,41.81650249335137,1
halifax_hamburg,hydrogen,grey_smr,2030,origin_carbon_price_eur_per_tco2e,22.34610520180042,2
halifax_hamburg,hydrogen,grey_smr,2030,embedded_emissions_tco2e_per_tonne,18.679820128621454,3
halifax_hamburg,hydrogen,grey_smr,2030,fueleu_actual_intensity_gco2e_mj,5.024709690470586,4
halifax_hamburg,hydrogen,grey_smr,2030,service_speed_knots,1.391383682654983,5
halifax_hamburg,hydrogen,grey_smr,2030,cargo_tonnes,1.3751873660193195,6
halifax_hamburg,hydrogen,grey_smr,2030,engine_load_fraction,1.3267699517663754,7
halifax_hamburg,hydrogen,grey_smr,2030,main_engine_power_kw,1.3267699517663754,7
halifax_hamburg,hydrogen,grey_smr,2030,sfoc_g_per_kwh,1.3267699517663754,7
halifax_hamburg,hydrogen,grey_smr,2030,vlsfo_carbon_factor,0.7785059072512253,8
halifax_hamburg,hydrogen,grey_smr,2030,port_days,0.0,9
ningbo_felixstowe,ammonia,cbam_default,2030,carbon_price,20.0,1
ningbo_felixstowe,ammonia,cbam_default,2030,embedded_emissions_tco2e_per_tonne,19.985282934675922,2
ningbo_felixstowe,ammonia,cbam_default,2030,cargo_tonnes,0.015330276379233492,3
ningbo_felixstowe,ammonia,cbam_default,2030,engine_load_fraction,0.014804991244471696,4
ningbo_felixstowe,ammonia,cbam_default,2030,main_engine_power_kw,0.014804991244471696,4
ningbo_felixstowe,ammonia,cbam_default,2030,sfoc_g_per_kwh,0.014804991244471696,4
ningbo_felixstowe,ammonia,cbam_default,2030,port_days,0.014699727818639312,5
ningbo_felixstowe,ammonia,cbam_default,2030,vlsfo_carbon_factor,0.014495392933215272,6
ningbo_felixstowe,ammonia,cbam_default,2030,fueleu_actual_intensity_gco2e_mj,0.0,7
ningbo_felixstowe,ammonia,cbam_default,2030,origin_carbon_price_eur_per_tco2e,0.0,7
ningbo_felixstowe,ammonia,cbam_default,2030,service_speed_knots,0.0,7
ningbo_felixstowe,ammonia,coal_gasification,2030,carbon_price,20.0,1
ningbo_felixstowe,ammonia,coal_gasification,2030,embedded_emissions_tco2e_per_tonne,19.989564203153144,2
ningbo_felixstowe,ammonia,coal_gasification,2030,cargo_tonnes,0.010870621715467328,3
ningbo_felixstowe,ammonia,coal_gasification,2030,engine_load_fraction,0.010498144673860378,4
ningbo_felixstowe,ammonia,coal_gasification,2030,main_engine_power_kw,0.010498144673860378,4
ningbo_felixstowe,ammonia,coal_gasification,2030,sfoc_g_per_kwh,0.010498144673860378,4
ningbo_felixstowe,ammonia,coal_gasification,2030,port_days,0.01042350290913342,5
ningbo_felixstowe,ammonia,coal_gasification,2030,vlsfo_carbon_factor,0.010278610071733111,6
ningbo_felixstowe,ammonia,coal_gasification,2030,fueleu_actual_intensity_gco2e_mj,0.0,7
ningbo_felixstowe,ammonia,coal_gasification,2030,origin_carbon_price_eur_per_tco2e,0.0,7
ningbo_felixstowe,ammonia,coal_gasification,2030,service_speed_knots,0.0,7
ningbo_felixstowe,ammonia,green_electrolysis,2030,carbon_price,19.999999999999993,1
ningbo_felixstowe,ammonia,green_electrolysis,2030,embedded_emissions_tco2e_per_tonne,19.921806111410437,2
ningbo_felixstowe,ammonia,green_electrolysis,2030,cargo_tonnes,0.08145196728079387,3
ningbo_felixstowe,ammonia,green_electrolysis,2030,engine_load_fraction,0.07866105167352844,4
ningbo_felixstowe,ammonia,green_electrolysis,2030,main_engine_power_kw,0.07866105167352844,4
ningbo_felixstowe,ammonia,green_electrolysis,2030,sfoc_g_per_kwh,0.07866105167352844,4
ningbo_felixstowe,ammonia,green_electrolysis,2030,port_days,0.0781017719251105,5
ningbo_felixstowe,ammonia,green_electrolysis,2030,vlsfo_carbon_factor,0.07701611123702073,6
ningbo_felixstowe,ammonia,green_electrolysis,2030,fueleu_actual_intensity_gco2e_mj,0.0,7
ningbo_felixstowe,ammonia,green_electrolysis,2030,origin_carbon_price_eur_per_tco2e,0.0,7
ningbo_felixstowe,ammonia,green_electrolysis,2030,service_speed_knots,0.0,7
ningbo_felixstowe,hydrogen,blue_ccs,2030,carbon_price,19.999999999999996,1
ningbo_felixstowe,hydrogen,blue_ccs,2030,embedded_emissions_tco2e_per_tonne,19.901982765570303,2
ningbo_felixstowe,hydrogen,blue_ccs,2030,cargo_tonnes,0.1021012858642532,3
ningbo_felixstowe,hydrogen,blue_ccs,2030,engine_load_fraction,0.09860283049536255,4
ningbo_felixstowe,hydrogen,blue_ccs,2030,main_engine_power_kw,0.09860283049536255,4
ningbo_felixstowe,hydrogen,blue_ccs,2030,sfoc_g_per_kwh,0.09860283049536255,4
ningbo_felixstowe,hydrogen,blue_ccs,2030,port_days,0.09790176478292562,5
ningbo_felixstowe,hydrogen,blue_ccs,2030,vlsfo_carbon_factor,0.09654087251762193,6
ningbo_felixstowe,hydrogen,blue_ccs,2030,fueleu_actual_intensity_gco2e_mj,0.0,7
ningbo_felixstowe,hydrogen,blue_ccs,2030,origin_carbon_price_eur_per_tco2e,0.0,7
ningbo_felixstowe,hydrogen,blue_ccs,2030,service_speed_knots,0.0,7
ningbo_felixstowe,hydrogen,cbam_default,2030,carbon_price,19.999999999999996,1
ningbo_felixstowe,hydrogen,cbam_default,2030,embedded_emissions_tco2e_per_tonne,19.976806964371676,2
ningbo_felixstowe,hydrogen,cbam_default,2030,cargo_tonnes,0.024159412112835982,3
ningbo_felixstowe,hydrogen,cbam_default,2030,engine_load_fraction,0.023331600550037135,4
ningbo_felixstowe,hydrogen,cbam_default,2030,main_engine_power_kw,0.023331600550037135,4
ningbo_felixstowe,hydrogen,cbam_default,2030,sfoc_g_per_kwh,0.023331600550037135,4
ningbo_felixstowe,hydrogen,cbam_default,2030,port_days,0.023165712967700883,5
ningbo_felixstowe,hydrogen,cbam_default,2030,vlsfo_carbon_factor,0.022843695896120064,6
ningbo_felixstowe,hydrogen,cbam_default,2030,fueleu_actual_intensity_gco2e_mj,0.0,7
ningbo_felixstowe,hydrogen,cbam_default,2030,origin_carbon_price_eur_per_tco2e,0.0,7
ningbo_felixstowe,hydrogen,cbam_default,2030,service_speed_knots,0.0,7
ningbo_felixstowe,hydrogen,coal_gasification,2030,carbon_price,20.0,1
ningbo_felixstowe,hydrogen,coal_gasification,2030,embedded_emissions_tco2e_per_tonne,19.96925689630879,2
ningbo_felixstowe,hydrogen,coal_gasification,2030,cargo_tonnes,0.03202406634501581,3
ningbo_felixstowe,hydrogen,coal_gasification,2030,engine_load_fraction,0.03092677588594224,4
ningbo_felixstowe,hydrogen,coal_gasification,2030,main_engine_power_kw,0.03092677588594224,4
ningbo_felixstowe,hydrogen,coal_gasification,2030,sfoc_g_per_kwh,0.03092677588594224,4
ningbo_felixstowe,hydrogen,coal_gasification,2030,port_days,0.030706886638731296,5
ningbo_felixstowe,hydrogen,coal_gasification,2030,vlsfo_carbon_factor,0.0302800428059274,6
ningbo_felixstowe,hydrogen,coal_gasification,2030,fueleu_actual_intensity_gco2e_mj,0.0,7
ningbo_felixstowe,hydrogen,coal_gasification,2030,origin_carbon_price_eur_per_tco2e,0.0,7
ningbo_felixstowe,hydrogen,coal_gasification,2030,service_speed_knots,0.0,7
ningbo_felixstowe,hydrogen,green_electrolysis,2030,carbon_price,19.999999999999996,1
ningbo_felixstowe,hydrogen,green_electrolysis,2030,embedded_emissions_tco2e_per_tonne,19.73909813037865,2
ningbo_felixstowe,hydrogen,green_electrolysis,2030,cargo_tonnes,0.27177278085558165,3
ningbo_felixstowe,hydrogen,green_electrolysis,2030,engine_load_fraction,0.2624606068094328,4
ningbo_felixstowe,hydrogen,green_electrolysis,2030,main_engine_power_kw,0.2624606068094328,4
ningbo_felixstowe,hydrogen,green_electrolysis,2030,sfoc_g_per_kwh,0.2624606068094328,4
ningbo_felixstowe,hydrogen,green_electrolysis,2030,port_days,0.2605945129927302,5
ningbo_felixstowe,hydrogen,green_electrolysis,2030,vlsfo_carbon_factor,0.2569720955838049,6
ningbo_felixstowe,hydrogen,green_electrolysis,2030,fueleu_actual_intensity_gco2e_mj,0.0,7
ningbo_felixstowe,hydrogen,green_electrolysis,2030,origin_carbon_price_eur_per_tco2e,0.0,7
ningbo_felixstowe,hydrogen,green_electrolysis,2030,service_speed_knots,0.0,7
