corridor,product,pathway,year,price_scenario,route_scenario,speed_scenario,vessel_set,uk_ets_variant,uk_price_variant,bunker_fuel,currency,cargo_tonnes,embedded_emissions_tco2e_per_tonne,cbam_cost_per_tonne,eu_ets_cost_per_tonne,fueleu_cost_per_tonne,uk_ets_cost_per_tonne,maritime_cost_per_tonne,total_compliance_cost_per_tonne
halifax_hamburg,hydrogen,green_electrolysis,2026,low,suez,base,VLGC/VLAC,n/a,n/a,conventional,EUR,5828,1.23,0.04212750000000014,6.487131091283459,2.2698623385811674,0.0,8.756993429864625,8.799120929864625
halifax_hamburg,hydrogen,grey_smr,2026,low,suez,base,VLGC/VLAC,n/a,n/a,conventional,EUR,5828,10.07,0.3448975000000012,6.487131091283459,2.2698623385811674,0.0,8.756993429864625,9.101890929864627
halifax_hamburg,hydrogen,blue_smr_ccs,2026,low,suez,base,VLGC/VLAC,n/a,n/a,conventional,EUR,5828,2.02,0.06918500000000023,6.487131091283459,2.2698623385811674,0.0,8.756993429864625,8.826178429864626
halifax_hamburg,hydrogen,cbam_default,2026,low,suez,base,VLGC/VLAC,n/a,n/a,conventional,EUR,5828,10.82,0.4076435000000014,6.487131091283459,2.2698623385811674,0.0,8.756993429864625,9.164636929864626
halifax_hamburg,ammonia,grey_smr,2026,low,suez,base,VLGC/VLAC,n/a,n/a,conventional,EUR,56142,2.18,0.07466500000000026,0.6734174058637028,0.2356303250552357,0.0,0.9090477309189385,0.9837127309189388
halifax_hamburg,ammonia,green_electrolysis,2026,low,suez,base,VLGC/VLAC,n/a,n/a,conventional,EUR,56142,0.62,0.02123500000000007,0.6734174058637028,0.2356303250552357,0.0,0.9090477309189385,0.9302827309189386
halifax_hamburg,ammonia,cbam_default,2026,low,suez,base,VLGC/VLAC,n/a,n/a,conventional,EUR,56142,1.98,0.07459650000000025,0.6734174058637028,0.2356303250552357,0.0,0.9090477309189385,0.9836442309189388
halifax_hamburg,hydrogen,green_electrolysis,2026,medium,suez,base,VLGC/VLAC,n/a,n/a,conventional,EUR,5828,1.23,0.34962750000000015,7.413864104323953,2.2698623385811674,0.0,9.68372644290512,10.033353942905121
halifax_hamburg,hydrogen,grey_smr,2026,medium,suez,base,VLGC/VLAC,n/a,n/a,conventional,EUR,5828,10.07,2.8623975000000015,7.413864104323953,2.2698623385811674,0.0,9.68372644290512,12.546123942905123
halifax_hamburg,hydrogen,blue_smr_ccs,2026,medium,suez,base,VLGC/VLAC,n/a,n/a,conventional,EUR,5828,2.02,0.5741850000000003,7.413864104323953,2.2698623385811674,0.0,9.68372644290512,10.25791144290512
halifax_hamburg,hydrogen,cbam_default,2026,medium,suez,base,VLGC/VLAC,n/a,n/a,conventional,EUR,5828,10.82,3.383143500000002,7.413864104323953,2.2698623385811674,0.0,9.68372644290512,13.066869942905122
halifax_hamburg,ammonia,grey_smr,2026,medium,suez,base,VLGC/VLAC,n/a,n/a,conventional,EUR,56142,2.18,0.6196650000000004,0.7696198924156603,0.2356303250552357,0.0,1.005250217470896,1.6249152174708963
halifax_hamburg,ammonia,green_electrolysis,2026,medium,suez,base,VLGC/VLAC,n/a,n/a,conventional,EUR,56142,0.62,0.17623500000000006,0.7696198924156603,0.2356303250552357,0.0,1.005250217470896,1.181485217470896
halifax_hamburg,ammonia,cbam_default,2026,medium,suez,base,VLGC/VLAC,n/a,n/a,conventional,EUR,56142,1.98,0.6190965000000003,0.7696198924156603,0.2356303250552357,0.0,1.005250217470896,1.624346717470896
halifax_hamburg,hydrogen,green_electrolysis,2026,high,suez,base,VLGC/VLAC,n/a,n/a,conventional,EUR,5828,1.23,0.6571275000000001,8.340597117364448,2.2698623385811674,0.0,10.610459455945616,11.267586955945616
halifax_hamburg,hydrogen,grey_smr,2026,high,suez,base,VLGC/VLAC,n/a,n/a,conventional,EUR,5828,10.07,5.379897500000002,8.340597117364448,2.2698623385811674,0.0,10.610459455945616,15.990356955945618
halifax_hamburg,hydrogen,blue_smr_ccs,2026,high,suez,base,VLGC/VLAC,n/a,n/a,conventional,EUR,5828,2.02,1.0791850000000003,8.340597117364448,2.2698623385811674,0.0,10.610459455945616,11.689644455945617
halifax_hamburg,hydrogen,cbam_default,2026,high,suez,base,VLGC/VLAC,n/a,n/a,conventional,EUR,5828,10.82,6.358643500000002,8.340597117364448,2.2698623385811674,0.0,10.610459455945616,16.96910295594562
halifax_hamburg,ammonia,grey_smr,2026,high,suez,base,VLGC/VLAC,n/a,n/a,conventional,EUR,56142,2.18,1.1646650000000003,0.8658223789676178,0.2356303250552357,0.0,1.1014527040228534,2.2661177040228537
halifax_hamburg,ammonia,green_electrolysis,2026,high,suez,base,VLGC/VLAC,n/a,n/a,conventional,EUR,56142,0.62,0.33123500000000006,0.8658223789676178,0.2356303250552357,0.0,1.1014527040228534,1.4326877040228534
halifax_hamburg,ammonia,cbam_default,2026,high,suez,base,VLGC/VLAC,n/a,n/a,conventional,EUR,56142,1.98,1.1635965000000001,0.8658223789676178,0.2356303250552357,0.0,1.1014527040228534,2.2650492040228536
halifax_hamburg,hydrogen,green_electrolysis,2027,low,suez,base,VLGC/VLAC,n/a,n/a,conventional,EUR,5828,1.23,0.23800500000000027,6.718814344543583,2.2698623385811674,0.0,8.988676683124751,9.226681683124752
halifax_hamburg,hydrogen,grey_smr,2027,low,suez,base,VLGC/VLAC,n/a,n/a,conventional,EUR,5828,10.07,1.9485450000000024,6.718814344543583,2.2698623385811674,0.0,8.988676683124751,10.937221683124754
halifax_hamburg,hydrogen,blue_smr_ccs,2027,low,suez,base,VLGC/VLAC,n/a,n/a,conventional,EUR,5828,2.02,0.3908700000000005,6.718814344543583,2.2698623385811674,0.0,8.988676683124751,9.379546683124751
halifax_hamburg,hydrogen,cbam_default,2027,low,suez,base,VLGC/VLAC,n/a,n/a,conventional,EUR,5828,10.82,2.5124040000000027,6.718814344543583,2.2698623385811674,0.0,8.988676683124751,11.501080683124755
halifax_hamburg,ammonia,grey_smr,2027,low,suez,base,VLGC/VLAC,n/a,n/a,conventional,EUR,56142,2.18,0.42183000000000054,0.6974680275016921,0.2356303250552357,0.0,0.9330983525569279,1.3549283525569285
halifax_hamburg,ammonia,green_electrolysis,2027,low,suez,base,VLGC/VLAC,n/a,n/a,conventional,EUR,56142,0.62,0.11997000000000015,0.6974680275016921,0.2356303250552357,0.0,0.9330983525569279,1.053068352556928
halifax_hamburg,ammonia,cbam_default,2027,low,suez,base,VLGC/VLAC,n/a,n/a,conventional,EUR,56142,1.98,0.45975600000000055,0.6974680275016921,0.2356303250552357,0.0,0.9330983525569279,1.3928543525569284
halifax_hamburg,hydrogen,green_electrolysis,2027,medium,suez,base,VLGC/VLAC,n/a,n/a,conventional,EUR,5828,1.23,1.4065050000000003,8.479607069320522,2.2698623385811674,0.0,10.749469407901689,12.15597440790169
halifax_hamburg,hydrogen,grey_smr,2027,medium,suez,base,VLGC/VLAC,n/a,n/a,conventional,EUR,5828,10.07,11.515045000000004,8.479607069320522,2.2698623385811674,0.0,10.749469407901689,22.264514407901693
halifax_hamburg,hydrogen,blue_smr_ccs,2027,medium,suez,base,VLGC/VLAC,n/a,n/a,conventional,EUR,5828,2.02,2.3098700000000005,8.479607069320522,2.2698623385811674,0.0,10.749469407901689,13.059339407901689
halifax_hamburg,hydrogen,cbam_default,2027,medium,suez,base,VLGC/VLAC,n/a,n/a,conventional,EUR,5828,10.82,14.847204000000003,8.479607069320522,2.2698623385811674,0.0,10.749469407901689,25.59667340790169
halifax_hamburg,ammonia,grey_smr,2027,medium,suez,base,VLGC/VLAC,n/a,n/a,conventional,EUR,56142,2.18,2.492830000000001,0.8802527519504115,0.2356303250552357,0.0,1.1158830770056472,3.608713077005648
halifax_hamburg,ammonia,green_electrolysis,2027,medium,suez,base,VLGC/VLAC,n/a,n/a,conventional,EUR,56142,0.62,0.7089700000000001,0.8802527519504115,0.2356303250552357,0.0,1.1158830770056472,1.8248530770056473
halifax_hamburg,ammonia,cbam_default,2027,medium,suez,base,VLGC/VLAC,n/a,n/a,conventional,EUR,56142,1.98,2.7169560000000006,0.8802527519504115,0.2356303250552357,0.0,1.1158830770056472,3.832839077005648
halifax_hamburg,hydrogen,green_electrolysis,2027,high,suez,base,VLGC/VLAC,n/a,n/a,conventional,EUR,5828,1.23,2.19063,9.661191660947152,2.2698623385811674,0.0,11.93105399952832,14.12168399952832
halifax_hamburg,hydrogen,grey_smr,2027,high,suez,base,VLGC/VLAC,n/a,n/a,conventional,EUR,5828,10.07,17.934670000000004,9.661191660947152,2.2698623385811674,0.0,11.93105399952832,29.865723999528324
halifax_hamburg,hydrogen,blue_smr_ccs,2027,high,suez,base,VLGC/VLAC,n/a,n/a,conventional,EUR,5828,2.02,3.5976200000000005,9.661191660947152,2.2698623385811674,0.0,11.93105399952832,15.528673999528321
halifax_hamburg,hydrogen,cbam_default,2027,high,suez,base,VLGC/VLAC,n/a,n/a,conventional,EUR,5828,10.82,23.124504,9.661191660947152,2.2698623385811674,0.0,11.93105399952832,35.05555799952832
halifax_hamburg,ammonia,grey_smr,2027,high,suez,base,VLGC/VLAC,n/a,n/a,conventional,EUR,56142,2.18,3.882580000000001,1.0029109223041575,0.2356303250552357,0.0,1.238541247359393,5.121121247359394
halifax_hamburg,ammonia,green_electrolysis,2027,high,suez,base,VLGC/VLAC,n/a,n/a,conventional,EUR,56142,0.62,1.1042200000000002,1.0029109223041575,0.2356303250552357,0.0,1.238541247359393,2.3427612473593933
halifax_hamburg,ammonia,cbam_default,2027,high,suez,base,VLGC/VLAC,n/a,n/a,conventional,EUR,56142,1.98,4.231656000000001,1.0029109223041575,0.2356303250552357,0.0,1.238541247359393,5.470197247359394
halifax_hamburg,hydrogen,green_electrolysis,2028,low,suez,base,VLGC/VLAC,n/a,n/a,conventional,EUR,5828,1.23,0.7835100000000006,6.9504975978037065,2.2698623385811674,0.0,9.220359936384874,10.003869936384874
halifax_hamburg,hydrogen,grey_smr,2028,low,suez,base,VLGC/VLAC,n/a,n/a,conventional,EUR,5828,10.07,6.414590000000005,6.9504975978037065,2.2698623385811674,0.0,9.220359936384874,15.634949936384878
halifax_hamburg,hydrogen,blue_smr_ccs,2028,low,suez,base,VLGC/VLAC,n/a,n/a,conventional,EUR,5828,2.02,1.286740000000001,6.9504975978037065,2.2698623385811674,0.0,9.220359936384874,10.507099936384876
halifax_hamburg,hydrogen,cbam_default,2028,low,suez,base,VLGC/VLAC,n/a,n/a,conventional,EUR,5828,10.82,8.960042000000007,6.9504975978037065,2.2698623385811674,0.0,9.220359936384874,18.180401936384882
halifax_hamburg,ammonia,grey_smr,2028,low,suez,base,VLGC/VLAC,n/a,n/a,conventional,EUR,56142,2.18,1.3886600000000011,0.7215186491396816,0.2356303250552357,0.0,0.9571489741949173,2.3458089741949184
halifax_hamburg,ammonia,green_electrolysis,2028,low,suez,base,VLGC/VLAC,n/a,n/a,conventional,EUR,56142,0.62,0.3949400000000003,0.7215186491396816,0.2356303250552357,0.0,0.9571489741949173,1.3520889741949176
halifax_hamburg,ammonia,cbam_default,2028,low,suez,base,VLGC/VLAC,n/a,n/a,conventional,EUR,56142,1.98,1.6396380000000013,0.7215186491396816,0.2356303250552357,0.0,0.9571489741949173,2.5967869741949183
halifax_hamburg,hydrogen,green_electrolysis,2028,medium,suez,base,VLGC/VLAC,n/a,n/a,conventional,EUR,5828,1.23,4.2275100000000005,9.54535003431709,2.2698623385811674,0.0,11.815212372898259,16.04272237289826
halifax_hamburg,hydrogen,grey_smr,2028,medium,suez,base,VLGC/VLAC,n/a,n/a,conventional,EUR,5828,10.07,34.61059000000001,9.54535003431709,2.2698623385811674,0.0,11.815212372898259,46.42580237289827
halifax_hamburg,hydrogen,blue_smr_ccs,2028,medium,suez,base,VLGC/VLAC,n/a,n/a,conventional,EUR,5828,2.02,6.9427400000000015,9.54535003431709,2.2698623385811674,0.0,11.815212372898259,18.75795237289826
halifax_hamburg,hydrogen,cbam_default,2028,medium,suez,base,VLGC/VLAC,n/a,n/a,conventional,EUR,5828,10.82,48.34484200000001,9.54535003431709,2.2698623385811674,0.0,11.815212372898259,60.160054372898266
halifax_hamburg,ammonia,grey_smr,2028,medium,suez,base,VLGC/VLAC,n/a,n/a,conventional,EUR,56142,2.18,7.492660000000002,0.9908856114851626,0.2356303250552357,0.0,1.2265159365403984,8.7191759365404
halifax_hamburg,ammonia,green_electrolysis,2028,medium,suez,base,VLGC/VLAC,n/a,n/a,conventional,EUR,56142,0.62,2.1309400000000003,0.9908856114851626,0.2356303250552357,0.0,1.2265159365403984,3.357455936540399
halifax_hamburg,ammonia,cbam_default,2028,medium,suez,base,VLGC/VLAC,n/a,n/a,conventional,EUR,56142,1.98,8.846838000000002,0.9908856114851626,0.2356303250552357,0.0,1.2265159365403984,10.0733539365404
halifax_hamburg,hydrogen,green_electrolysis,2028,high,suez,base,VLGC/VLAC,n/a,n/a,conventional,EUR,5828,1.23,6.134010000000001,10.981786204529858,2.2698623385811674,0.0,13.251648543111024,19.385658543111024
halifax_hamburg,hydrogen,grey_smr,2028,high,suez,base,VLGC/VLAC,n/a,n/a,conventional,EUR,5828,10.07,50.21909000000001,10.981786204529858,2.2698623385811674,0.0,13.251648543111024,63.47073854311103
halifax_hamburg,hydrogen,blue_smr_ccs,2028,high,suez,base,VLGC/VLAC,n/a,n/a,conventional,EUR,5828,2.02,10.07374,10.981786204529858,2.2698623385811674,0.0,13.251648543111024,23.325388543111025
halifax_hamburg,hydrogen,cbam_default,2028,high,suez,base,VLGC/VLAC,n/a,n/a,conventional,EUR,5828,10.82,70.14714200000002,10.981786204529858,2.2698623385811674,0.0,13.251648543111024,83.39879054311103
halifax_hamburg,ammonia,grey_smr,2028,high,suez,base,VLGC/VLAC,n/a,n/a,conventional,EUR,56142,2.18,10.871660000000002,1.1399994656406969,0.2356303250552357,0.0,1.3756297906959325,12.247289790695934
halifax_hamburg,ammonia,green_electrolysis,2028,high,suez,base,VLGC/VLAC,n/a,n/a,conventional,EUR,56142,0.62,3.09194,1.1399994656406969,0.2356303250552357,0.0,1.3756297906959325,4.467569790695933
halifax_hamburg,ammonia,cbam_default,2028,high,suez,base,VLGC/VLAC,n/a,n/a,conventional,EUR,56142,1.98,12.836538000000003,1.1399994656406969,0.2356303250552357,0.0,1.3756297906959325,14.212167790695934
halifax_hamburg,hydrogen,green_electrolysis,2029,low,suez,base,VLGC/VLAC,n/a,n/a,conventional,EUR,5828,1.23,2.454772500000001,7.18218085106383,2.2698623385811674,0.0,9.452043189644996,11.906815689644997
halifax_hamburg,hydrogen,grey_smr,2029,low,suez,base,VLGC/VLAC,n/a,n/a,conventional,EUR,5828,10.07,20.097202500000012,7.18218085106383,2.2698623385811674,0.0,9.452043189644996,29.54924568964501
halifax_hamburg,hydrogen,blue_smr_ccs,2029,low,suez,base,VLGC/VLAC,n/a,n/a,conventional,EUR,5828,2.02,4.031415000000003,7.18218085106383,2.2698623385811674,0.0,9.452043189644996,13.483458189644999
halifax_hamburg,hydrogen,cbam_default,2029,low,suez,base,VLGC/VLAC,n/a,n/a,conventional,EUR,5828,10.82,28.072219500000017,7.18218085106383,2.2698623385811674,0.0,9.452043189644996,37.52426268964501
halifax_hamburg,ammonia,grey_smr,2029,low,suez,base,VLGC/VLAC,n/a,n/a,conventional,EUR,56142,2.18,4.350735000000003,0.7455692707776709,0.2356303250552357,0.0,0.9811995958329066,5.33193459583291
halifax_hamburg,ammonia,green_electrolysis,2029,low,suez,base,VLGC/VLAC,n/a,n/a,conventional,EUR,56142,0.62,1.2373650000000007,0.7455692707776709,0.2356303250552357,0.0,0.9811995958329066,2.218564595832907
halifax_hamburg,ammonia,cbam_default,2029,low,suez,base,VLGC/VLAC,n/a,n/a,conventional,EUR,56142,1.98,5.137060500000002,0.7455692707776709,0.2356303250552357,0.0,0.9811995958329066,6.118260095832909
halifax_hamburg,hydrogen,green_electrolysis,2029,medium,suez,base,VLGC/VLAC,n/a,n/a,conventional,EUR,5828,1.23,12.694522500000001,10.611092999313659,2.2698623385811674,0.0,12.880955337894825,25.575477837894827
halifax_hamburg,hydrogen,grey_smr,2029,medium,suez,base,VLGC/VLAC,n/a,n/a,conventional,EUR,5828,10.07,103.92995250000001,10.611092999313659,2.2698623385811674,0.0,12.880955337894825,116.81090783789483
halifax_hamburg,hydrogen,blue_smr_ccs,2029,medium,suez,base,VLGC/VLAC,n/a,n/a,conventional,EUR,5828,2.02,20.847915000000004,10.611092999313659,2.2698623385811674,0.0,12.880955337894825,33.72887033789483
halifax_hamburg,hydrogen,cbam_default,2029,medium,suez,base,VLGC/VLAC,n/a,n/a,conventional,EUR,5828,10.82,145.17166950000004,10.611092999313659,2.2698623385811674,0.0,12.880955337894825,158.05262483789485
halifax_hamburg,ammonia,grey_smr,2029,medium,suez,base,VLGC/VLAC,n/a,n/a,conventional,EUR,56142,2.18,22.499235000000006,1.101518471019914,0.2356303250552357,0.0,1.3371487960751496,23.836383796075154
halifax_hamburg,ammonia,green_electrolysis,2029,medium,suez,base,VLGC/VLAC,n/a,n/a,conventional,EUR,56142,0.62,6.398865000000002,1.101518471019914,0.2356303250552357,0.0,1.3371487960751496,7.736013796075151
halifax_hamburg,ammonia,cbam_default,2029,medium,suez,base,VLGC/VLAC,n/a,n/a,conventional,EUR,56142,1.98,26.5656105,1.101518471019914,0.2356303250552357,0.0,1.3371487960751496,27.902759296075146
halifax_hamburg,hydrogen,green_electrolysis,2029,high,suez,base,VLGC/VLAC,n/a,n/a,conventional,EUR,5828,1.23,17.74521,12.302380748112562,2.2698623385811674,0.0,14.572243086693728,32.31745308669373
halifax_hamburg,hydrogen,grey_smr,2029,high,suez,base,VLGC/VLAC,n/a,n/a,conventional,EUR,5828,10.07,145.27989000000002,12.302380748112562,2.2698623385811674,0.0,14.572243086693728,159.85213308669375
halifax_hamburg,hydrogen,blue_smr_ccs,2029,high,suez,base,VLGC/VLAC,n/a,n/a,conventional,EUR,5828,2.02,29.142540000000004,12.302380748112562,2.2698623385811674,0.0,14.572243086693728,43.71478308669373
halifax_hamburg,hydrogen,cbam_default,2029,high,suez,base,VLGC/VLAC,n/a,n/a,conventional,EUR,5828,10.82,202.93018200000003,12.302380748112562,2.2698623385811674,0.0,14.572243086693728,217.50242508669376
halifax_hamburg,ammonia,grey_smr,2029,high,suez,base,VLGC/VLAC,n/a,n/a,conventional,EUR,56142,2.18,31.450860000000006,1.2770880089772365,0.2356303250552357,0.0,1.5127183340324721,32.963578334032476
halifax_hamburg,ammonia,green_electrolysis,2029,high,suez,base,VLGC/VLAC,n/a,n/a,conventional,EUR,56142,0.62,8.944740000000001,1.2770880089772365,0.2356303250552357,0.0,1.5127183340324721,10.457458334032474
halifax_hamburg,ammonia,cbam_default,2029,high,suez,base,VLGC/VLAC,n/a,n/a,conventional,EUR,56142,1.98,37.135098,1.2770880089772365,0.2356303250552357,0.0,1.5127183340324721,38.64781633403247
halifax_hamburg,hydrogen,green_electrolysis,2030,low,suez,base,VLGC/VLAC,n/a,n/a,conventional,EUR,5828,1.23,6.782773500000003,7.413864104323953,7.943896304941359,0.0,15.357760409265312,22.140533909265315
halifax_hamburg,hydrogen,grey_smr,2030,low,suez,base,VLGC/VLAC,n/a,n/a,conventional,EUR,5828,10.07,55.53051150000002,7.413864104323953,7.943896304941359,0.0,15.357760409265312,70.88827190926533
halifax_hamburg,hydrogen,blue_smr_ccs,2030,low,suez,base,VLGC/VLAC,n/a,n/a,conventional,EUR,5828,2.02,11.139189000000005,7.413864104323953,7.943896304941359,0.0,15.357760409265312,26.49694940926532
halifax_hamburg,hydrogen,cbam_default,2030,low,suez,base,VLGC/VLAC,n/a,n/a,conventional,EUR,5828,10.82,77.56625370000003,7.413864104323953,7.943896304941359,0.0,15.357760409265312,92.92401410926534
halifax_hamburg,ammonia,grey_smr,2030,low,suez,base,VLGC/VLAC,n/a,n/a,conventional,EUR,56142,2.18,12.021501000000006,0.7696198924156603,0.8246415814398889,0.0,1.5942614738555492,13.615762473855556
halifax_hamburg,ammonia,green_electrolysis,2030,low,suez,base,VLGC/VLAC,n/a,n/a,conventional,EUR,56142,0.62,3.418959000000001,0.7696198924156603,0.8246415814398889,0.0,1.5942614738555492,5.01322047385555
halifax_hamburg,ammonia,cbam_default,2030,low,suez,base,VLGC/VLAC,n/a,n/a,conventional,EUR,56142,1.98,14.194194300000005,0.7696198924156603,0.8246415814398889,0.0,1.5942614738555492,15.788455773855555
halifax_hamburg,hydrogen,green_electrolysis,2030,medium,suez,base,VLGC/VLAC,n/a,n/a,conventional,EUR,5828,1.23,34.2240735,11.676835964310227,7.943896304941359,0.0,19.620732269251587,53.84480576925159
halifax_hamburg,hydrogen,grey_smr,2030,medium,suez,base,VLGC/VLAC,n/a,n/a,conventional,EUR,5828,10.07,280.1922115,11.676835964310227,7.943896304941359,0.0,19.620732269251587,299.81294376925155
halifax_hamburg,hydrogen,blue_smr_ccs,2030,medium,suez,base,VLGC/VLAC,n/a,n/a,conventional,EUR,5828,2.02,56.205389000000004,11.676835964310227,7.943896304941359,0.0,19.620732269251587,75.82612126925159
halifax_hamburg,hydrogen,cbam_default,2030,medium,suez,base,VLGC/VLAC,n/a,n/a,conventional,EUR,5828,10.82,391.37871370000005,11.676835964310227,7.943896304941359,0.0,19.620732269251587,410.9994459692516
halifax_hamburg,ammonia,grey_smr,2030,medium,suez,base,VLGC/VLAC,n/a,n/a,conventional,EUR,56142,2.18,60.65730100000001,1.212151330554665,0.8246415814398889,0.0,2.036792911994554,62.694093911994564
halifax_hamburg,ammonia,green_electrolysis,2030,medium,suez,base,VLGC/VLAC,n/a,n/a,conventional,EUR,56142,0.62,17.251159,1.212151330554665,0.8246415814398889,0.0,2.036792911994554,19.287951911994554
halifax_hamburg,ammonia,cbam_default,2030,medium,suez,base,VLGC/VLAC,n/a,n/a,conventional,EUR,56142,1.98,71.6201343,1.212151330554665,0.8246415814398889,0.0,2.036792911994554,73.65692721199456
halifax_hamburg,hydrogen,green_electrolysis,2030,high,suez,base,VLGC/VLAC,n/a,n/a,conventional,EUR,5828,1.23,46.75162350000001,13.622975291695264,7.943896304941359,0.0,21.566871596636624,68.31849509663664
halifax_hamburg,hydrogen,grey_smr,2030,high,suez,base,VLGC/VLAC,n/a,n/a,conventional,EUR,5828,10.07,382.7551615,13.622975291695264,7.943896304941359,0.0,21.566871596636624,404.32203309663663
halifax_hamburg,hydrogen,blue_smr_ccs,2030,high,suez,base,VLGC/VLAC,n/a,n/a,conventional,EUR,5828,2.02,76.779089,13.622975291695264,7.943896304941359,0.0,21.566871596636624,98.34596059663662
halifax_hamburg,hydrogen,cbam_default,2030,high,suez,base,VLGC/VLAC,n/a,n/a,conventional,EUR,5828,10.82,534.6409237,13.622975291695264,7.943896304941359,0.0,21.566871596636624,556.2077952966366
halifax_hamburg,ammonia,grey_smr,2030,high,suez,base,VLGC/VLAC,n/a,n/a,conventional,EUR,56142,2.18,82.86060100000002,1.4141765523137757,0.8246415814398889,0.0,2.2388181337536643,85.09941913375368
halifax_hamburg,ammonia,green_electrolysis,2030,high,suez,base,VLGC/VLAC,n/a,n/a,conventional,EUR,56142,0.62,23.565859,1.4141765523137757,0.8246415814398889,0.0,2.2388181337536643,25.804677133753664
halifax_hamburg,ammonia,cbam_default,2030,high,suez,base,VLGC/VLAC,n/a,n/a,conventional,EUR,56142,1.98,97.8363243,1.4141765523137757,0.8246415814398889,0.0,2.2388181337536643,100.07514243375367
ningbo_felixstowe,hydrogen,green_electrolysis,2026,low,suez,base,VLGC/VLAC,current_scope,frozen,n/a,GBP,5828,2.34,0.0,0.0,0.0,0.4015785861358957,0.4015785861358957,0.4015785861358957
ningbo_felixstowe,hydrogen,coal_gasification,2026,low,suez,base,VLGC/VLAC,current_scope,frozen,n/a,GBP,5828,20.09,0.0,0.0,0.0,0.4015785861358957,0.4015785861358957,0.4015785861358957
ningbo_felixstowe,hydrogen,blue_ccs,2026,low,suez,base,VLGC/VLAC,current_scope,frozen,n/a,GBP,5828,6.28,0.0,0.0,0.0,0.4015785861358957,0.4015785861358957,0.4015785861358957
ningbo_felixstowe,hydrogen,cbam_default,2026,low,suez,base,VLGC/VLAC,current_scope,frozen,n/a,GBP,5828,26.64,0.0,0.0,0.0,0.4015785861358957,0.4015785861358957,0.4015785861358957
ningbo_felixstowe,ammonia,coal_gasification,2026,low,suez,base,VLGC/VLAC,current_scope,frozen,n/a,GBP,56142,6.15,0.0,0.0,0.0,0.04168715043995583,0.04168715043995583,0.04168715043995583
ningbo_felixstowe,ammonia,green_electrolysis,2026,low,suez,base,VLGC/VLAC,current_scope,frozen,n/a,GBP,56142,0.818,0.0,0.0,0.0,0.04168715043995583,0.04168715043995583,0.04168715043995583
ningbo_felixstowe,ammonia,cbam_default,2026,low,suez,base,VLGC/VLAC,current_scope,frozen,n/a,GBP,56142,4.36,0.0,0.0,0.0,0.04168715043995583,0.04168715043995583,0.04168715043995583
ningbo_felixstowe,hydrogen,green_electrolysis,2026,medium,suez,base,VLGC/VLAC,current_scope,frozen,n/a,GBP,5828,2.34,0.0,0.0,0.0,0.49604994852436507,0.49604994852436507,0.49604994852436507
ningbo_felixstowe,hydrogen,coal_gasification,2026,medium,suez,base,VLGC/VLAC,current_scope,frozen,n/a,GBP,5828,20.09,0.0,0.0,0.0,0.49604994852436507,0.49604994852436507,0.49604994852436507
ningbo_felixstowe,hydrogen,blue_ccs,2026,medium,suez,base,VLGC/VLAC,current_scope,frozen,n/a,GBP,5828,6.28,0.0,0.0,0.0,0.49604994852436507,0.49604994852436507,0.49604994852436507
ningbo_felixstowe,hydrogen,cbam_default,2026,medium,suez,base,VLGC/VLAC,current_scope,frozen,n/a,GBP,5828,26.64,0.0,0.0,0.0,0.49604994852436507,0.49604994852436507,0.49604994852436507
ningbo_felixstowe,ammonia,coal_gasification,2026,medium,suez,base,VLGC/VLAC,current_scope,frozen,n/a,GBP,56142,6.15,0.0,0.0,0.0,0.05149405258095543,0.05149405258095543,0.05149405258095543
ningbo_felixstowe,ammonia,green_electrolysis,2026,medium,suez,base,VLGC/VLAC,current_scope,frozen,n/a,GBP,56142,0.818,0.0,0.0,0.0,0.05149405258095543,0.05149405258095543,0.05149405258095543
ningbo_felixstowe,ammonia,cbam_default,2026,medium,suez,base,VLGC/VLAC,current_scope,frozen,n/a,GBP,56142,4.36,0.0,0.0,0.0,0.05149405258095543,0.05149405258095543,0.05149405258095543
ningbo_felixstowe,hydrogen,green_electrolysis,2026,high,suez,base,VLGC/VLAC,current_scope,frozen,n/a,GBP,5828,2.34,0.0,0.0,0.0,0.6023678792038435,0.6023678792038435,0.6023678792038435
ningbo_felixstowe,hydrogen,coal_gasification,2026,high,suez,base,VLGC/VLAC,current_scope,frozen,n/a,GBP,5828,20.09,0.0,0.0,0.0,0.6023678792038435,0.6023678792038435,0.6023678792038435
ningbo_felixstowe,hydrogen,blue_ccs,2026,high,suez,base,VLGC/VLAC,current_scope,frozen,n/a,GBP,5828,6.28,0.0,0.0,0.0,0.6023678792038435,0.6023678792038435,0.6023678792038435
ningbo_felixstowe,hydrogen,cbam_default,2026,high,suez,base,VLGC/VLAC,current_scope,frozen,n/a,GBP,5828,26.64,0.0,0.0,0.0,0.6023678792038435,0.6023678792038435,0.6023678792038435
ningbo_felixstowe,ammonia,coal_gasification,2026,high,suez,base,VLGC/VLAC,current_scope,frozen,n/a,GBP,56142,6.15,0.0,0.0,0.0,0.06253072565993374,0.06253072565993374,0.06253072565993374
ningbo_felixstowe,ammonia,green_electrolysis,2026,high,suez,base,VLGC/VLAC,current_scope,frozen,n/a,GBP,56142,0.818,0.0,0.0,0.0,0.06253072565993374,0.06253072565993374,0.06253072565993374
ningbo_felixstowe,ammonia,cbam_default,2026,high,suez,base,VLGC/VLAC,current_scope,frozen,n/a,GBP,56142,4.36,0.0,0.0,0.0,0.06253072565993374,0.06253072565993374,0.06253072565993374
ningbo_felixstowe,hydrogen,green_electrolysis,2027,low,suez,base,VLGC/VLAC,current_scope,frozen,n/a,GBP,5828,2.34,14.662532764552434,0.0,0.0,0.4015785861358957,0.4015785861358957,15.06411135068833
ningbo_felixstowe,hydrogen,coal_gasification,2027,low,suez,base,VLGC/VLAC,current_scope,frozen,n/a,GBP,5828,20.09,125.88473642728992,0.0,0.0,0.4015785861358957,0.4015785861358957,126.28631501342582
ningbo_felixstowe,hydrogen,blue_ccs,2027,low,suez,base,VLGC/VLAC,current_scope,frozen,n/a,GBP,5828,6.28,39.35072895785868,0.0,0.0,0.4015785861358957,0.4015785861358957,39.752307543994576
ningbo_felixstowe,hydrogen,cbam_default,2027,low,suez,base,VLGC/VLAC,current_scope,frozen,n/a,GBP,5828,26.64,166.9272960887508,0.0,0.0,0.4015785861358957,0.4015785861358957,167.3288746748867
ningbo_felixstowe,ammonia,coal_gasification,2027,low,suez,base,VLGC/VLAC,current_scope,frozen,n/a,GBP,56142,6.15,38.53614380427243,0.0,0.0,0.04168715043995583,0.04168715043995583,38.57783095471238
ningbo_felixstowe,ammonia,green_electrolysis,2027,low,suez,base,VLGC/VLAC,current_scope,frozen,n/a,GBP,56142,0.818,5.125620427950381,0.0,0.0,0.04168715043995583,0.04168715043995583,5.1673075783903375
ningbo_felixstowe,ammonia,cbam_default,2027,low,suez,base,VLGC/VLAC,current_scope,frozen,n/a,GBP,56142,4.36,27.319932843354113,0.0,0.0,0.04168715043995583,0.04168715043995583,27.36161999379407
ningbo_felixstowe,hydrogen,green_electrolysis,2027,medium,suez,base,VLGC/VLAC,current_scope,frozen,n/a,GBP,5828,2.34,18.111893597413392,0.0,0.0,0.49604994852436507,0.49604994852436507,18.607943545937758
ningbo_felixstowe,hydrogen,coal_gasification,2027,medium,suez,base,VLGC/VLAC,current_scope,frozen,n/a,GBP,5828,20.09,155.49912067180986,0.0,0.0,0.49604994852436507,0.49604994852436507,155.99517062033422
ningbo_felixstowe,hydrogen,blue_ccs,2027,medium,suez,base,VLGC/VLAC,current_scope,frozen,n/a,GBP,5828,6.28,48.60798794519493,0.0,0.0,0.49604994852436507,0.49604994852436507,49.104037893719294
ningbo_felixstowe,hydrogen,cbam_default,2027,medium,suez,base,VLGC/VLAC,current_scope,frozen,n/a,GBP,5828,26.64,206.19694249362942,0.0,0.0,0.49604994852436507,0.49604994852436507,206.69299244215378
ningbo_felixstowe,ammonia,coal_gasification,2027,medium,suez,base,VLGC/VLAC,current_scope,frozen,n/a,GBP,56142,6.15,47.60177163422752,0.0,0.0,0.05149405258095543,0.05149405258095543,47.653265686808474
ningbo_felixstowe,ammonia,green_electrolysis,2027,medium,suez,base,VLGC/VLAC,current_scope,frozen,n/a,GBP,56142,0.818,6.331422633625708,0.0,0.0,0.05149405258095543,0.05149405258095543,6.382916686206664
ningbo_felixstowe,ammonia,cbam_default,2027,medium,suez,base,VLGC/VLAC,current_scope,frozen,n/a,GBP,56142,4.36,33.74694704475316,0.0,0.0,0.05149405258095543,0.05149405258095543,33.79844109733412
ningbo_felixstowe,hydrogen,green_electrolysis,2027,high,suez,base,VLGC/VLAC,current_scope,frozen,n/a,GBP,5828,2.34,21.99379914682865,0.0,0.0,0.6023678792038435,0.6023678792038435,22.596167026032493
ningbo_felixstowe,hydrogen,coal_gasification,2027,high,suez,base,VLGC/VLAC,current_scope,frozen,n/a,GBP,5828,20.09,188.8271046409349,0.0,0.0,0.6023678792038435,0.6023678792038435,189.42947252013875
ningbo_felixstowe,hydrogen,blue_ccs,2027,high,suez,base,VLGC/VLAC,current_scope,frozen,n/a,GBP,5828,6.28,59.02609343678802,0.0,0.0,0.6023678792038435,0.6023678792038435,59.62846131599186
ningbo_felixstowe,hydrogen,cbam_default,2027,high,suez,base,VLGC/VLAC,current_scope,frozen,n/a,GBP,5828,26.64,250.3909441331262,0.0,0.0,0.6023678792038435,0.6023678792038435,250.99331201233005
ningbo_felixstowe,ammonia,coal_gasification,2027,high,suez,base,VLGC/VLAC,current_scope,frozen,n/a,GBP,56142,6.15,57.80421570640864,0.0,0.0,0.06253072565993374,0.06253072565993374,57.866746432068574
ningbo_felixstowe,ammonia,green_electrolysis,2027,high,suez,base,VLGC/VLAC,current_scope,frozen,n/a,GBP,56142,0.818,7.688430641925573,0.0,0.0,0.06253072565993374,0.06253072565993374,7.750961367585506
ningbo_felixstowe,ammonia,cbam_default,2027,high,suez,base,VLGC/VLAC,current_scope,frozen,n/a,GBP,56142,4.36,40.97989926503117,0.0,0.0,0.06253072565993374,0.06253072565993374,41.042429990691105
ningbo_felixstowe,hydrogen,green_electrolysis,2028,low,suez,base,VLGC/VLAC,current_scope,frozen,n/a,GBP,5828,2.34,16.68657038597416,0.0,0.0,0.4015785861358957,0.4015785861358957,17.088148972110055
ningbo_felixstowe,hydrogen,coal_gasification,2028,low,suez,base,VLGC/VLAC,current_scope,frozen,n/a,GBP,5828,20.09,143.26205087787218,0.0,0.0,0.4015785861358957,0.4015785861358957,143.66362946400807
ningbo_felixstowe,hydrogen,blue_ccs,2028,low,suez,base,VLGC/VLAC,current_scope,frozen,n/a,GBP,5828,6.28,44.7827615486828,0.0,0.0,0.4015785861358957,0.4015785861358957,45.1843401348187
ningbo_felixstowe,hydrogen,cbam_default,2028,low,suez,base,VLGC/VLAC,current_scope,frozen,n/a,GBP,5828,26.64,189.97018593262894,0.0,0.0,0.4015785861358957,0.4015785861358957,190.37176451876482
ningbo_felixstowe,ammonia,coal_gasification,2028,low,suez,base,VLGC/VLAC,current_scope,frozen,n/a,GBP,56142,6.15,43.85572986057312,0.0,0.0,0.04168715043995583,0.04168715043995583,43.897417011013076
ningbo_felixstowe,ammonia,green_electrolysis,2028,low,suez,base,VLGC/VLAC,current_scope,frozen,n/a,GBP,56142,0.818,5.833168622105498,0.0,0.0,0.04168715043995583,0.04168715043995583,5.874855772545454
ningbo_felixstowe,ammonia,cbam_default,2028,low,suez,base,VLGC/VLAC,current_scope,frozen,n/a,GBP,56142,4.36,31.091216616601436,0.0,0.0,0.04168715043995583,0.04168715043995583,31.13290376704139
ningbo_felixstowe,hydrogen,green_electrolysis,2028,low,suez,base,VLGC/VLAC,proposed_expansion,frozen,n/a,GBP,5828,2.34,16.68657038597416,0.0,0.0,13.486684969114618,13.486684969114618,30.173255355088777
ningbo_felixstowe,hydrogen,coal_gasification,2028,low,suez,base,VLGC/VLAC,proposed_expansion,frozen,n/a,GBP,5828,20.09,143.26205087787218,0.0,0.0,13.486684969114618,13.486684969114618,156.7487358469868
ningbo_felixstowe,hydrogen,blue_ccs,2028,low,suez,base,VLGC/VLAC,proposed_expansion,frozen,n/a,GBP,5828,6.28,44.7827615486828,0.0,0.0,13.486684969114618,13.486684969114618,58.26944651779742
ningbo_felixstowe,hydrogen,cbam_default,2028,low,suez,base,VLGC/VLAC,proposed_expansion,frozen,n/a,GBP,5828,26.64,189.97018593262894,0.0,0.0,13.486684969114618,13.486684969114618,203.45687090174354
ningbo_felixstowe,ammonia,coal_gasification,2028,low,suez,base,VLGC/VLAC,proposed_expansion,frozen,n/a,GBP,56142,6.15,43.85572986057312,0.0,0.0,1.400028499162837,1.400028499162837,45.25575835973596
ningbo_felixstowe,ammonia,green_electrolysis,2028,low,suez,base,VLGC/VLAC,proposed_expansion,frozen,n/a,GBP,56142,0.818,5.833168622105498,0.0,0.0,1.400028499162837,1.400028499162837,7.2331971212683355
ningbo_felixstowe,ammonia,cbam_default,2028,low,suez,base,VLGC/VLAC,proposed_expansion,frozen,n/a,GBP,56142,4.36,31.091216616601436,0.0,0.0,1.400028499162837,1.400028499162837,32.49124511576427
ningbo_felixstowe,hydrogen,green_electrolysis,2028,medium,suez,base,VLGC/VLAC,current_scope,frozen,n/a,GBP,5828,2.34,20.612086069274582,0.0,0.0,0.49604994852436507,0.49604994852436507,21.108136017798948
ningbo_felixstowe,hydrogen,coal_gasification,2028,medium,suez,base,VLGC/VLAC,current_scope,frozen,n/a,GBP,5828,20.09,176.9644483468916,0.0,0.0,0.49604994852436507,0.49604994852436507,177.46049829541596
ningbo_felixstowe,hydrogen,blue_ccs,2028,medium,suez,base,VLGC/VLAC,current_scope,frozen,n/a,GBP,5828,6.28,55.31790620301042,0.0,0.0,0.49604994852436507,0.49604994852436507,55.81395615153479
ningbo_felixstowe,hydrogen,cbam_default,2028,medium,suez,base,VLGC/VLAC,current_scope,frozen,n/a,GBP,5828,26.64,234.6606721732799,0.0,0.0,0.49604994852436507,0.49604994852436507,235.15672212180425
ningbo_felixstowe,ammonia,coal_gasification,2028,medium,suez,base,VLGC/VLAC,current_scope,frozen,n/a,GBP,56142,6.15,54.172790310272944,0.0,0.0,0.05149405258095543,0.05149405258095543,54.2242843628539
ningbo_felixstowe,ammonia,green_electrolysis,2028,medium,suez,base,VLGC/VLAC,current_scope,frozen,n/a,GBP,56142,0.818,7.2054215404558155,0.0,0.0,0.05149405258095543,0.05149405258095543,7.256915593036771
ningbo_felixstowe,ammonia,cbam_default,2028,medium,suez,base,VLGC/VLAC,current_scope,frozen,n/a,GBP,56142,4.36,38.40542532565692,0.0,0.0,0.05149405258095543,0.05149405258095543,38.45691937823788
ningbo_felixstowe,hydrogen,green_electrolysis,2028,medium,suez,base,VLGC/VLAC,proposed_expansion,frozen,n/a,GBP,5828,2.34,20.612086069274582,0.0,0.0,16.65942760809883,16.65942760809883,37.27151367737341
ningbo_felixstowe,hydrogen,coal_gasification,2028,medium,suez,base,VLGC/VLAC,proposed_expansion,frozen,n/a,GBP,5828,20.09,176.9644483468916,0.0,0.0,16.65942760809883,16.65942760809883,193.62387595499044
ningbo_felixstowe,hydrogen,blue_ccs,2028,medium,suez,base,VLGC/VLAC,proposed_expansion,frozen,n/a,GBP,5828,6.28,55.31790620301042,0.0,0.0,16.65942760809883,16.65942760809883,71.97733381110925
ningbo_felixstowe,hydrogen,cbam_default,2028,medium,suez,base,VLGC/VLAC,proposed_expansion,frozen,n/a,GBP,5828,26.64,234.6606721732799,0.0,0.0,16.65942760809883,16.65942760809883,251.32009978137873
ningbo_felixstowe,ammonia,coal_gasification,2028,medium,suez,base,VLGC/VLAC,proposed_expansion,frozen,n/a,GBP,56142,6.15,54.172790310272944,0.0,0.0,1.7293852035908943,1.7293852035908943,55.90217551386384
ningbo_felixstowe,ammonia,green_electrolysis,2028,medium,suez,base,VLGC/VLAC,proposed_expansion,frozen,n/a,GBP,56142,0.818,7.2054215404558155,0.0,0.0,1.7293852035908943,1.7293852035908943,8.93480674404671
ningbo_felixstowe,ammonia,cbam_default,2028,medium,suez,base,VLGC/VLAC,proposed_expansion,frozen,n/a,GBP,56142,4.36,38.40542532565692,0.0,0.0,1.7293852035908943,1.7293852035908943,40.134810529247815
ningbo_felixstowe,hydrogen,green_electrolysis,2028,high,suez,base,VLGC/VLAC,current_scope,frozen,n/a,GBP,5828,2.34,25.029855578961243,0.0,0.0,0.6023678792038435,0.6023678792038435,25.632223458165086
ningbo_felixstowe,hydrogen,coal_gasification,2028,high,suez,base,VLGC/VLAC,current_scope,frozen,n/a,GBP,5828,20.09,214.89307631680828,0.0,0.0,0.6023678792038435,0.6023678792038435,215.49544419601213
ningbo_felixstowe,hydrogen,blue_ccs,2028,high,suez,base,VLGC/VLAC,current_scope,frozen,n/a,GBP,5828,6.28,67.1741423230242,0.0,0.0,0.6023678792038435,0.6023678792038435,67.77651020222804
ningbo_felixstowe,hydrogen,cbam_default,2028,high,suez,base,VLGC/VLAC,current_scope,frozen,n/a,GBP,5828,26.64,284.9552788989434,0.0,0.0,0.6023678792038435,0.6023678792038435,285.5576467781472
ningbo_felixstowe,ammonia,coal_gasification,2028,high,suez,base,VLGC/VLAC,current_scope,frozen,n/a,GBP,56142,6.15,65.78359479085968,0.0,0.0,0.06253072565993374,0.06253072565993374,65.84612551651962
ningbo_felixstowe,ammonia,green_electrolysis,2028,high,suez,base,VLGC/VLAC,current_scope,frozen,n/a,GBP,56142,0.818,8.749752933158247,0.0,0.0,0.06253072565993374,0.06253072565993374,8.812283658818181
ningbo_felixstowe,ammonia,cbam_default,2028,high,suez,base,VLGC/VLAC,current_scope,frozen,n/a,GBP,56142,4.36,46.63682492490216,0.0,0.0,0.06253072565993374,0.06253072565993374,46.69935565056209
ningbo_felixstowe,hydrogen,green_electrolysis,2028,high,suez,base,VLGC/VLAC,proposed_expansion,frozen,n/a,GBP,5828,2.34,25.029855578961243,0.0,0.0,20.23002745367193,20.23002745367193,45.25988303263317
ningbo_felixstowe,hydrogen,coal_gasification,2028,high,suez,base,VLGC/VLAC,proposed_expansion,frozen,n/a,GBP,5828,20.09,214.89307631680828,0.0,0.0,20.23002745367193,20.23002745367193,235.1231037704802
ningbo_felixstowe,hydrogen,blue_ccs,2028,high,suez,base,VLGC/VLAC,proposed_expansion,frozen,n/a,GBP,5828,6.28,67.1741423230242,0.0,0.0,20.23002745367193,20.23002745367193,87.40416977669614
ningbo_felixstowe,hydrogen,cbam_default,2028,high,suez,base,VLGC/VLAC,proposed_expansion,frozen,n/a,GBP,5828,26.64,284.9552788989434,0.0,0.0,20.23002745367193,20.23002745367193,305.1853063526153
ningbo_felixstowe,ammonia,coal_gasification,2028,high,suez,base,VLGC/VLAC,proposed_expansion,frozen,n/a,GBP,56142,6.15,65.78359479085968,0.0,0.0,2.1000427487442557,2.1000427487442557,67.88363753960394
ningbo_felixstowe,ammonia,green_electrolysis,2028,high,suez,base,VLGC/VLAC,proposed_expansion,frozen,n/a,GBP,56142,0.818,8.749752933158247,0.0,0.0,2.1000427487442557,2.1000427487442557,10.849795681902503
ningbo_felixstowe,ammonia,cbam_default,2028,high,suez,base,VLGC/VLAC,proposed_expansion,frozen,n/a,GBP,56142,4.36,46.63682492490216,0.0,0.0,2.1000427487442557,2.1000427487442557,48.736867673646415
ningbo_felixstowe,hydrogen,green_electrolysis,2029,low,suez,base,VLGC/VLAC,current_scope,frozen,n/a,GBP,5828,2.34,20.73464562881763,0.0,0.0,0.4015785861358957,0.4015785861358957,21.136224214953526
ningbo_felixstowe,hydrogen,coal_gasification,2029,low,suez,base,VLGC/VLAC,current_scope,frozen,n/a,GBP,5828,20.09,178.01667977903685,0.0,0.0,0.4015785861358957,0.4015785861358957,178.41825836517273
ningbo_felixstowe,hydrogen,blue_ccs,2029,low,suez,base,VLGC/VLAC,current_scope,frozen,n/a,GBP,5828,6.28,55.64682673033108,0.0,0.0,0.4015785861358957,0.4015785861358957,56.048405316466976
ningbo_felixstowe,hydrogen,cbam_default,2029,low,suez,base,VLGC/VLAC,current_scope,frozen,n/a,GBP,5828,26.64,236.05596562038534,0.0,0.0,0.4015785861358957,0.4015785861358957,236.45754420652122
ningbo_felixstowe,ammonia,coal_gasification,2029,low,suez,base,VLGC/VLAC,current_scope,frozen,n/a,GBP,56142,6.15,54.49490197317455,0.0,0.0,0.04168715043995583,0.04168715043995583,54.536589123614505
ningbo_felixstowe,ammonia,green_electrolysis,2029,low,suez,base,VLGC/VLAC,current_scope,frozen,n/a,GBP,56142,0.818,7.248265010415736,0.0,0.0,0.04168715043995583,0.04168715043995583,7.289952160855692
ningbo_felixstowe,ammonia,cbam_default,2029,low,suez,base,VLGC/VLAC,current_scope,frozen,n/a,GBP,56142,4.36,38.633784163096095,0.0,0.0,0.04168715043995583,0.04168715043995583,38.67547131353605
ningbo_felixstowe,hydrogen,green_electrolysis,2029,low,suez,base,VLGC/VLAC,proposed_expansion,frozen,n/a,GBP,5828,2.34,20.73464562881763,0.0,0.0,13.486684969114618,13.486684969114618,34.22133059793225
ningbo_felixstowe,hydrogen,coal_gasification,2029,low,suez,base,VLGC/VLAC,proposed_expansion,frozen,n/a,GBP,5828,20.09,178.01667977903685,0.0,0.0,13.486684969114618,13.486684969114618,191.50336474815145
ningbo_felixstowe,hydrogen,blue_ccs,2029,low,suez,base,VLGC/VLAC,proposed_expansion,frozen,n/a,GBP,5828,6.28,55.64682673033108,0.0,0.0,13.486684969114618,13.486684969114618,69.13351169944569
ningbo_felixstowe,hydrogen,cbam_default,2029,low,suez,base,VLGC/VLAC,proposed_expansion,frozen,n/a,GBP,5828,26.64,236.05596562038534,0.0,0.0,13.486684969114618,13.486684969114618,249.54265058949994
ningbo_felixstowe,ammonia,coal_gasification,2029,low,suez,base,VLGC/VLAC,proposed_expansion,frozen,n/a,GBP,56142,6.15,54.49490197317455,0.0,0.0,1.400028499162837,1.400028499162837,55.894930472337386
ningbo_felixstowe,ammonia,green_electrolysis,2029,low,suez,base,VLGC/VLAC,proposed_expansion,frozen,n/a,GBP,56142,0.818,7.248265010415736,0.0,0.0,1.400028499162837,1.400028499162837,8.648293509578572
ningbo_felixstowe,ammonia,cbam_default,2029,low,suez,base,VLGC/VLAC,proposed_expansion,frozen,n/a,GBP,56142,4.36,38.633784163096095,0.0,0.0,1.400028499162837,1.400028499162837,40.03381266225893
ningbo_felixstowe,hydrogen,green_electrolysis,2029,medium,suez,base,VLGC/VLAC,current_scope,frozen,n/a,GBP,5828,2.34,25.612471012996973,0.0,0.0,0.49604994852436507,0.49604994852436507,26.10852096152134
ningbo_felixstowe,hydrogen,coal_gasification,2029,medium,suez,base,VLGC/VLAC,current_scope,frozen,n/a,GBP,5828,20.09,219.89510369705525,0.0,0.0,0.49604994852436507,0.49604994852436507,220.3911536455796
ningbo_felixstowe,hydrogen,blue_ccs,2029,medium,suez,base,VLGC/VLAC,current_scope,frozen,n/a,GBP,5828,6.28,68.73774271864146,0.0,0.0,0.49604994852436507,0.49604994852436507,69.23379266716582
ningbo_felixstowe,hydrogen,cbam_default,2029,medium,suez,base,VLGC/VLAC,current_scope,frozen,n/a,GBP,5828,26.64,291.588131532581,0.0,0.0,0.49604994852436507,0.49604994852436507,292.08418148110536
ningbo_felixstowe,ammonia,coal_gasification,2029,medium,suez,base,VLGC/VLAC,current_scope,frozen,n/a,GBP,56142,6.15,67.31482766236385,0.0,0.0,0.05149405258095543,0.05149405258095543,67.3663217149448
ningbo_felixstowe,ammonia,green_electrolysis,2029,medium,suez,base,VLGC/VLAC,current_scope,frozen,n/a,GBP,56142,0.818,8.953419354116036,0.0,0.0,0.05149405258095543,0.05149405258095543,9.004913406696991
ningbo_felixstowe,ammonia,cbam_default,2029,medium,suez,base,VLGC/VLAC,current_scope,frozen,n/a,GBP,56142,4.36,47.72238188746445,0.0,0.0,0.05149405258095543,0.05149405258095543,47.77387594004541
ningbo_felixstowe,hydrogen,green_electrolysis,2029,medium,suez,base,VLGC/VLAC,proposed_expansion,frozen,n/a,GBP,5828,2.34,25.612471012996973,0.0,0.0,16.65942760809883,16.65942760809883,42.2718986210958
ningbo_felixstowe,hydrogen,coal_gasification,2029,medium,suez,base,VLGC/VLAC,proposed_expansion,frozen,n/a,GBP,5828,20.09,219.89510369705525,0.0,0.0,16.65942760809883,16.65942760809883,236.5545313051541
ningbo_felixstowe,hydrogen,blue_ccs,2029,medium,suez,base,VLGC/VLAC,proposed_expansion,frozen,n/a,GBP,5828,6.28,68.73774271864146,0.0,0.0,16.65942760809883,16.65942760809883,85.39717032674028
ningbo_felixstowe,hydrogen,cbam_default,2029,medium,suez,base,VLGC/VLAC,proposed_expansion,frozen,n/a,GBP,5828,26.64,291.588131532581,0.0,0.0,16.65942760809883,16.65942760809883,308.2475591406798
ningbo_felixstowe,ammonia,coal_gasification,2029,medium,suez,base,VLGC/VLAC,proposed_expansion,frozen,n/a,GBP,56142,6.15,67.31482766236385,0.0,0.0,1.7293852035908943,1.7293852035908943,69.04421286595475
ningbo_felixstowe,ammonia,green_electrolysis,2029,medium,suez,base,VLGC/VLAC,proposed_expansion,frozen,n/a,GBP,56142,0.818,8.953419354116036,0.0,0.0,1.7293852035908943,1.7293852035908943,10.68280455770693
ningbo_felixstowe,ammonia,cbam_default,2029,medium,suez,base,VLGC/VLAC,proposed_expansion,frozen,n/a,GBP,56142,4.36,47.72238188746445,0.0,0.0,1.7293852035908943,1.7293852035908943,49.451767091055345
ningbo_felixstowe,hydrogen,green_electrolysis,2029,high,suez,base,VLGC/VLAC,current_scope,frozen,n/a,GBP,5828,2.34,31.101968443226443,0.0,0.0,0.6023678792038435,0.6023678792038435,31.704336322430287
ningbo_felixstowe,hydrogen,coal_gasification,2029,high,suez,base,VLGC/VLAC,current_scope,frozen,n/a,GBP,5828,20.09,267.0250196685553,0.0,0.0,0.6023678792038435,0.6023678792038435,267.6273875477591
ningbo_felixstowe,hydrogen,blue_ccs,2029,high,suez,base,VLGC/VLAC,current_scope,frozen,n/a,GBP,5828,6.28,83.47024009549662,0.0,0.0,0.6023678792038435,0.6023678792038435,84.07260797470046
ningbo_felixstowe,hydrogen,cbam_default,2029,high,suez,base,VLGC/VLAC,current_scope,frozen,n/a,GBP,5828,26.64,354.083948430578,0.0,0.0,0.6023678792038435,0.6023678792038435,354.68631630978183
ningbo_felixstowe,ammonia,coal_gasification,2029,high,suez,base,VLGC/VLAC,current_scope,frozen,n/a,GBP,56142,6.15,81.74235295976182,0.0,0.0,0.06253072565993374,0.06253072565993374,81.80488368542176
ningbo_felixstowe,ammonia,green_electrolysis,2029,high,suez,base,VLGC/VLAC,current_scope,frozen,n/a,GBP,56142,0.818,10.872397515623604,0.0,0.0,0.06253072565993374,0.06253072565993374,10.934928241283538
ningbo_felixstowe,ammonia,cbam_default,2029,high,suez,base,VLGC/VLAC,current_scope,frozen,n/a,GBP,56142,4.36,57.95067624464415,0.0,0.0,0.06253072565993374,0.06253072565993374,58.01320697030408
ningbo_felixstowe,hydrogen,green_electrolysis,2029,high,suez,base,VLGC/VLAC,proposed_expansion,frozen,n/a,GBP,5828,2.34,31.101968443226443,0.0,0.0,20.23002745367193,20.23002745367193,51.33199589689838
ningbo_felixstowe,hydrogen,coal_gasification,2029,high,suez,base,VLGC/VLAC,proposed_expansion,frozen,n/a,GBP,5828,20.09,267.0250196685553,0.0,0.0,20.23002745367193,20.23002745367193,287.2550471222272
ningbo_felixstowe,hydrogen,blue_ccs,2029,high,suez,base,VLGC/VLAC,proposed_expansion,frozen,n/a,GBP,5828,6.28,83.47024009549662,0.0,0.0,20.23002745367193,20.23002745367193,103.70026754916856
ningbo_felixstowe,hydrogen,cbam_default,2029,high,suez,base,VLGC/VLAC,proposed_expansion,frozen,n/a,GBP,5828,26.64,354.083948430578,0.0,0.0,20.23002745367193,20.23002745367193,374.31397588424994
ningbo_felixstowe,ammonia,coal_gasification,2029,high,suez,base,VLGC/VLAC,proposed_expansion,frozen,n/a,GBP,56142,6.15,81.74235295976182,0.0,0.0,2.1000427487442557,2.1000427487442557,83.84239570850607
ningbo_felixstowe,ammonia,green_electrolysis,2029,high,suez,base,VLGC/VLAC,proposed_expansion,frozen,n/a,GBP,56142,0.818,10.872397515623604,0.0,0.0,2.1000427487442557,2.1000427487442557,12.97244026436786
ningbo_felixstowe,ammonia,cbam_default,2029,high,suez,base,VLGC/VLAC,proposed_expansion,frozen,n/a,GBP,56142,4.36,57.95067624464415,0.0,0.0,2.1000427487442557,2.1000427487442557,60.05071899338841
ningbo_felixstowe,hydrogen,green_electrolysis,2030,low,suez,base,VLGC/VLAC,current_scope,frozen,n/a,GBP,5828,2.34,30.854833735926288,0.0,0.0,0.4015785861358957,0.4015785861358957,31.256412322062182
ningbo_felixstowe,hydrogen,coal_gasification,2030,low,suez,base,VLGC/VLAC,current_scope,frozen,n/a,GBP,5828,20.09,264.9032520319484,0.0,0.0,0.4015785861358957,0.4015785861358957,265.3048306180843
ningbo_felixstowe,hydrogen,blue_ccs,2030,low,suez,base,VLGC/VLAC,current_scope,frozen,n/a,GBP,5828,6.28,82.80698968445176,0.0,0.0,0.4015785861358957,0.4015785861358957,83.20856827058766
ningbo_felixstowe,hydrogen,cbam_default,2030,low,suez,base,VLGC/VLAC,current_scope,frozen,n/a,GBP,5828,26.64,351.27041483977627,0.0,0.0,0.4015785861358957,0.4015785861358957,351.67199342591215
ningbo_felixstowe,ammonia,coal_gasification,2030,low,suez,base,VLGC/VLAC,current_scope,frozen,n/a,GBP,56142,6.15,81.09283225467807,0.0,0.0,0.04168715043995583,0.04168715043995583,81.13451940511803
ningbo_felixstowe,ammonia,green_electrolysis,2030,low,suez,base,VLGC/VLAC,current_scope,frozen,n/a,GBP,56142,0.818,10.786005981191327,0.0,0.0,0.04168715043995583,0.04168715043995583,10.827693131631282
ningbo_felixstowe,ammonia,cbam_default,2030,low,suez,base,VLGC/VLAC,current_scope,frozen,n/a,GBP,56142,4.36,57.490203029332754,0.0,0.0,0.04168715043995583,0.04168715043995583,57.53189017977271
ningbo_felixstowe,hydrogen,green_electrolysis,2030,low,suez,base,VLGC/VLAC,proposed_expansion,frozen,n/a,GBP,5828,2.34,30.854833735926288,0.0,0.0,13.486684969114618,13.486684969114618,44.341518705040905
ningbo_felixstowe,hydrogen,coal_gasification,2030,low,suez,base,VLGC/VLAC,proposed_expansion,frozen,n/a,GBP,5828,20.09,264.9032520319484,0.0,0.0,13.486684969114618,13.486684969114618,278.389937001063
ningbo_felixstowe,hydrogen,blue_ccs,2030,low,suez,base,VLGC/VLAC,proposed_expansion,frozen,n/a,GBP,5828,6.28,82.80698968445176,0.0,0.0,13.486684969114618,13.486684969114618,96.29367465356638
ningbo_felixstowe,hydrogen,cbam_default,2030,low,suez,base,VLGC/VLAC,proposed_expansion,frozen,n/a,GBP,5828,26.64,351.27041483977627,0.0,0.0,13.486684969114618,13.486684969114618,364.75709980889087
ningbo_felixstowe,ammonia,coal_gasification,2030,low,suez,base,VLGC/VLAC,proposed_expansion,frozen,n/a,GBP,56142,6.15,81.09283225467807,0.0,0.0,1.400028499162837,1.400028499162837,82.49286075384092
ningbo_felixstowe,ammonia,green_electrolysis,2030,low,suez,base,VLGC/VLAC,proposed_expansion,frozen,n/a,GBP,56142,0.818,10.786005981191327,0.0,0.0,1.400028499162837,1.400028499162837,12.186034480354163
ningbo_felixstowe,ammonia,cbam_default,2030,low,suez,base,VLGC/VLAC,proposed_expansion,frozen,n/a,GBP,56142,4.36,57.490203029332754,0.0,0.0,1.400028499162837,1.400028499162837,58.89023152849559
ningbo_felixstowe,hydrogen,green_electrolysis,2030,medium,suez,base,VLGC/VLAC,current_scope,frozen,n/a,GBP,5828,2.34,38.11343337230294,0.0,0.0,0.49604994852436507,0.49604994852436507,38.60948332082731
ningbo_felixstowe,hydrogen,coal_gasification,2030,medium,suez,base,VLGC/VLAC,current_scope,frozen,n/a,GBP,5828,20.09,327.2217420724642,0.0,0.0,0.49604994852436507,0.49604994852436507,327.7177920209886
ningbo_felixstowe,hydrogen,blue_ccs,2030,medium,suez,base,VLGC/VLAC,current_scope,frozen,n/a,GBP,5828,6.28,102.28733400771902,0.0,0.0,0.49604994852436507,0.49604994852436507,102.78338395624338
ningbo_felixstowe,hydrogen,cbam_default,2030,medium,suez,base,VLGC/VLAC,current_scope,frozen,n/a,GBP,5828,26.64,433.90677993083364,0.0,0.0,0.49604994852436507,0.49604994852436507,434.402829879358
ningbo_felixstowe,ammonia,coal_gasification,2030,medium,suez,base,VLGC/VLAC,current_scope,frozen,n/a,GBP,56142,6.15,100.16992104259108,0.0,0.0,0.05149405258095543,0.05149405258095543,100.22141509517203
ningbo_felixstowe,ammonia,green_electrolysis,2030,medium,suez,base,VLGC/VLAC,current_scope,frozen,n/a,GBP,56142,0.818,13.323413888266586,0.0,0.0,0.05149405258095543,0.05149405258095543,13.37490794084754
ningbo_felixstowe,ammonia,cbam_default,2030,medium,suez,base,VLGC/VLAC,current_scope,frozen,n/a,GBP,56142,4.36,71.01477329198327,0.0,0.0,0.05149405258095543,0.05149405258095543,71.06626734456422
ningbo_felixstowe,hydrogen,green_electrolysis,2030,medium,suez,base,VLGC/VLAC,proposed_expansion,frozen,n/a,GBP,5828,2.34,38.11343337230294,0.0,0.0,16.65942760809883,16.65942760809883,54.772860980401774
ningbo_felixstowe,hydrogen,coal_gasification,2030,medium,suez,base,VLGC/VLAC,proposed_expansion,frozen,n/a,GBP,5828,20.09,327.2217420724642,0.0,0.0,16.65942760809883,16.65942760809883,343.88116968056306
ningbo_felixstowe,hydrogen,blue_ccs,2030,medium,suez,base,VLGC/VLAC,proposed_expansion,frozen,n/a,GBP,5828,6.28,102.28733400771902,0.0,0.0,16.65942760809883,16.65942760809883,118.94676161581785
ningbo_felixstowe,hydrogen,cbam_default,2030,medium,suez,base,VLGC/VLAC,proposed_expansion,frozen,n/a,GBP,5828,26.64,433.90677993083364,0.0,0.0,16.65942760809883,16.65942760809883,450.5662075389325
ningbo_felixstowe,ammonia,coal_gasification,2030,medium,suez,base,VLGC/VLAC,proposed_expansion,frozen,n/a,GBP,56142,6.15,100.16992104259108,0.0,0.0,1.7293852035908943,1.7293852035908943,101.89930624618198
ningbo_felixstowe,ammonia,green_electrolysis,2030,medium,suez,base,VLGC/VLAC,proposed_expansion,frozen,n/a,GBP,56142,0.818,13.323413888266586,0.0,0.0,1.7293852035908943,1.7293852035908943,15.05279909185748
ningbo_felixstowe,ammonia,cbam_default,2030,medium,suez,base,VLGC/VLAC,proposed_expansion,frozen,n/a,GBP,56142,4.36,71.01477329198327,0.0,0.0,1.7293852035908943,1.7293852035908943,72.74415849557417
ningbo_felixstowe,hydrogen,green_electrolysis,2030,high,suez,base,VLGC/VLAC,current_scope,frozen,n/a,GBP,5828,2.34,46.28225060388943,0.0,0.0,0.6023678792038435,0.6023678792038435,46.88461848309328
ningbo_felixstowe,hydrogen,coal_gasification,2030,high,suez,base,VLGC/VLAC,current_scope,frozen,n/a,GBP,5828,20.09,397.35487804792257,0.0,0.0,0.6023678792038435,0.6023678792038435,397.9572459271264
ningbo_felixstowe,hydrogen,blue_ccs,2030,high,suez,base,VLGC/VLAC,current_scope,frozen,n/a,GBP,5828,6.28,124.21048452667763,0.0,0.0,0.6023678792038435,0.6023678792038435,124.81285240588147
ningbo_felixstowe,hydrogen,cbam_default,2030,high,suez,base,VLGC/VLAC,current_scope,frozen,n/a,GBP,5828,26.64,526.9056222596644,0.0,0.0,0.6023678792038435,0.6023678792038435,527.5079901388682
ningbo_felixstowe,ammonia,coal_gasification,2030,high,suez,base,VLGC/VLAC,current_scope,frozen,n/a,GBP,56142,6.15,121.63924838201712,0.0,0.0,0.06253072565993374,0.06253072565993374,121.70177910767705
ningbo_felixstowe,ammonia,green_electrolysis,2030,high,suez,base,VLGC/VLAC,current_scope,frozen,n/a,GBP,56142,0.818,16.179008971786992,0.0,0.0,0.06253072565993374,0.06253072565993374,16.241539697446925
ningbo_felixstowe,ammonia,cbam_default,2030,high,suez,base,VLGC/VLAC,current_scope,frozen,n/a,GBP,56142,4.36,86.23530454399913,0.0,0.0,0.06253072565993374,0.06253072565993374,86.29783526965907
ningbo_felixstowe,hydrogen,green_electrolysis,2030,high,suez,base,VLGC/VLAC,proposed_expansion,frozen,n/a,GBP,5828,2.34,46.28225060388943,0.0,0.0,20.23002745367193,20.23002745367193,66.51227805756136
ningbo_felixstowe,hydrogen,coal_gasification,2030,high,suez,base,VLGC/VLAC,proposed_expansion,frozen,n/a,GBP,5828,20.09,397.35487804792257,0.0,0.0,20.23002745367193,20.23002745367193,417.5849055015945
ningbo_felixstowe,hydrogen,blue_ccs,2030,high,suez,base,VLGC/VLAC,proposed_expansion,frozen,n/a,GBP,5828,6.28,124.21048452667763,0.0,0.0,20.23002745367193,20.23002745367193,144.44051198034956
ningbo_felixstowe,hydrogen,cbam_default,2030,high,suez,base,VLGC/VLAC,proposed_expansion,frozen,n/a,GBP,5828,26.64,526.9056222596644,0.0,0.0,20.23002745367193,20.23002745367193,547.1356497133363
ningbo_felixstowe,ammonia,coal_gasification,2030,high,suez,base,VLGC/VLAC,proposed_expansion,frozen,n/a,GBP,56142,6.15,121.63924838201712,0.0,0.0,2.1000427487442557,2.1000427487442557,123.73929113076137
ningbo_felixstowe,ammonia,green_electrolysis,2030,high,suez,base,VLGC/VLAC,proposed_expansion,frozen,n/a,GBP,56142,0.818,16.179008971786992,0.0,0.0,2.1000427487442557,2.1000427487442557,18.279051720531246
ningbo_felixstowe,ammonia,cbam_default,2030,high,suez,base,VLGC/VLAC,proposed_expansion,frozen,n/a,GBP,56142,4.36,86.23530454399913,0.0,0.0,2.1000427487442557,2.1000427487442557,88.33534729274339
