product,pathway,price_scenario,decision_year,tenor_years,years_evaluated,beyond_horizon,myopic_choice,committed_choice,assumed_switching_cost_gbp_per_tonne_annual_volume,breakeven_switching_cost_gbp_per_tonne_annual_volume,verdict
ammonia,cbam_default,medium,2026,10,5,truncate,ningbo_felixstowe,ningbo_felixstowe,10.0,0.0,never_justified
ammonia,cbam_default,medium,2026,10,5,truncate,ningbo_felixstowe,ningbo_felixstowe,25.0,0.0,never_justified
ammonia,cbam_default,medium,2026,10,5,truncate,ningbo_felixstowe,ningbo_felixstowe,50.0,0.0,never_justified
ammonia,cbam_default,medium,2026,10,5,truncate,ningbo_felixstowe,ningbo_felixstowe,100.0,0.0,never_justified
ammonia,cbam_default,medium,2026,10,5,truncate,ningbo_felixstowe,ningbo_felixstowe,250.0,0.0,never_justified
ammonia,cbam_default,medium,2026,10,5,truncate,ningbo_felixstowe,ningbo_felixstowe,500.0,0.0,never_justified
ammonia,cbam_default,medium,2027,10,4,truncate,ningbo_felixstowe,ningbo_felixstowe,10.0,0.0,never_justified
ammonia,cbam_default,medium,2027,10,4,truncate,ningbo_felixstowe,ningbo_felixstowe,25.0,0.0,never_justified
ammonia,cbam_default,medium,2027,10,4,truncate,ningbo_felixstowe,ningbo_felixstowe,50.0,0.0,never_justified
ammonia,cbam_default,medium,2027,10,4,truncate,ningbo_felixstowe,ningbo_felixstowe,100.0,0.0,never_justified
ammonia,cbam_default,medium,2027,10,4,truncate,ningbo_felixstowe,ningbo_felixstowe,250.0,0.0,never_justified
ammonia,cbam_default,medium,2027,10,4,truncate,ningbo_felixstowe,ningbo_felixstowe,500.0,0.0,never_justified
ammonia,cbam_default,medium,2028,10,3,truncate,ningbo_felixstowe,ningbo_felixstowe,10.0,0.0,never_justified
ammonia,cbam_default,medium,2028,10,3,truncate,ningbo_felixstowe,ningbo_felixstowe,25.0,0.0,never_justified
ammonia,cbam_default,medium,2028,10,3,truncate,ningbo_felixstowe,ningbo_felixstowe,50.0,0.0,never_justified
ammonia,cbam_default,medium,2028,10,3,truncate,ningbo_felixstowe,ningbo_felixstowe,100.0,0.0,never_justified
ammonia,cbam_default,medium,2028,10,3,truncate,ningbo_felixstowe,ningbo_felixstowe,250.0,0.0,never_justified
ammonia,cbam_default,medium,2028,10,3,truncate,ningbo_felixstowe,ningbo_felixstowe,500.0,0.0,never_justified
ammonia,cbam_default,medium,2029,10,2,truncate,ningbo_felixstowe,ningbo_felixstowe,10.0,0.0,never_justified
ammonia,cbam_default,medium,2029,10,2,truncate,ningbo_felixstowe,ningbo_felixstowe,25.0,0.0,never_justified
ammonia,cbam_default,medium,2029,10,2,truncate,ningbo_felixstowe,ningbo_felixstowe,50.0,0.0,never_justified
ammonia,cbam_default,medium,2029,10,2,truncate,ningbo_felixstowe,ningbo_felixstowe,100.0,0.0,never_justified
ammonia,cbam_default,medium,2029,10,2,truncate,ningbo_felixstowe,ningbo_felixstowe,250.0,0.0,never_justified
ammonia,cbam_default,medium,2029,10,2,truncate,ningbo_felixstowe,ningbo_felixstowe,500.0,0.0,never_justified
ammonia,cbam_default,medium,2030,10,1,truncate,ningbo_felixstowe,ningbo_felixstowe,10.0,0.0,never_justified
ammonia,cbam_default,medium,2030,10,1,truncate,ningbo_felixstowe,ningbo_felixstowe,25.0,0.0,never_justified
ammonia,cbam_default,medium,2030,10,1,truncate,ningbo_felixstowe,ningbo_felixstowe,50.0,0.0,never_justified
ammonia,cbam_default,medium,2030,10,1,truncate,ningbo_felixstowe,ningbo_felixstowe,100.0,0.0,never_justified
ammonia,cbam_default,medium,2030,10,1,truncate,ningbo_felixstowe,ningbo_felixstowe,250.0,0.0,never_justified
ammonia,cbam_default,medium,2030,10,1,truncate,ningbo_felixstowe,ningbo_felixstowe,500.0,0.0,never_justified
hydrogen,cbam_default,medium,2026,10,5,truncate,ningbo_felixstowe,ningbo_felixstowe,10.0,0.0,never_justified
hydrogen,cbam_default,medium,2026,10,5,truncate,ningbo_felixstowe,ningbo_felixstowe,25.0,0.0,never_justified
hydrogen,cbam_default,medium,2026,10,5,truncate,ningbo_felixstowe,ningbo_felixstowe,50.0,0.0,never_justified
hydrogen,cbam_default,medium,2026,10,5,truncate,ningbo_felixstowe,ningbo_felixstowe,100.0,0.0,never_justified
hydrogen,cbam_default,medium,2026,10,5,truncate,ningbo_felixstowe,ningbo_felixstowe,250.0,0.0,never_justified
hydrogen,cbam_default,medium,2026,10,5,truncate,ningbo_felixstowe,ningbo_felixstowe,500.0,0.0,never_justified
hydrogen,cbam_default,medium,2027,10,4,truncate,ningbo_felixstowe,ningbo_felixstowe,10.0,0.0,never_justified
hydrogen,cbam_default,medium,2027,10,4,truncate,ningbo_felixstowe,ningbo_felixstowe,25.0,0.0,never_justified
hydrogen,cbam_default,medium,2027,10,4,truncate,ningbo_felixstowe,ningbo_felixstowe,50.0,0.0,never_justified
hydrogen,cbam_default,medium,2027,10,4,truncate,ningbo_felixstowe,ningbo_felixstowe,100.0,0.0,never_justified
hydrogen,cbam_default,medium,2027,10,4,truncate,ningbo_felixstowe,ningbo_felixstowe,250.0,0.0,never_justified
hydrogen,cbam_default,medium,2027,10,4,truncate,ningbo_felixstowe,ningbo_felixstowe,500.0,0.0,never_justified
hydrogen,cbam_default,medium,2028,10,3,truncate,ningbo_felixstowe,ningbo_felixstowe,10.0,0.0,never_justified
hydrogen,cbam_default,medium,2028,10,3,truncate,ningbo_felixstowe,ningbo_felixstowe,25.0,0.0,never_justified
hydrogen,cbam_default,medium,2028,10,3,truncate,ningbo_felixstowe,ningbo_felixstowe,50.0,0.0,never_justified
hydrogen,cbam_default,medium,2028,10,3,truncate,ningbo_felixstowe,ningbo_felixstowe,100.0,0.0,never_justified
hydrogen,cbam_default,medium,2028,10,3,truncate,ningbo_felixstowe,ningbo_felixstowe,250.0,0.0,never_justified
hydrogen,cbam_default,medium,2028,10,3,truncate,ningbo_felixstowe,ningbo_felixstowe,500.0,0.0,never_justified
hydrogen,cbam_default,medium,2029,10,2,truncate,ningbo_felixstowe,ningbo_felixstowe,10.0,0.0,never_justified
hydrogen,cbam_default,medium,2029,10,2,truncate,ningbo_felixstowe,ningbo_felixstowe,25.0,0.0,never_justified
hydrogen,cbam_default,medium,2029,10,2,truncate,ningbo_felixstowe,ningbo_felixstowe,50.0,0.0,never_justified
hydrogen,cbam_default,medium,2029,10,2,truncate,ningbo_felixstowe,ningbo_felixstowe,100.0,0.0,never_justified
hydrogen,cbam_default,medium,2029,10,2,truncate,ningbo_felixstowe,ningbo_felixstowe,250.0,0.0,never_justified
hydrogen,cbam_default,medium,2029,10,2,truncate,ningbo_felixstowe,ningbo_felixstowe,500.0,0.0,never_justified
hydrogen,cbam_default,medium,2030,10,1,truncate,ningbo_felixstowe,ningbo_felixstowe,10.0,0.0,never_justified
hydrogen,cbam_default,medium,2030,10,1,truncate,ningbo_felixstowe,ningbo_felixstowe,25.0,0.0,never_justified
hydrogen,cbam_default,medium,2030,10,1,truncate,ningbo_felixstowe,ningbo_felixstowe,50.0,0.0,never_justified
hydrogen,cbam_default,medium,2030,10,1,truncate,ningbo_felixstowe,ningbo_felixstowe,100.0,0.0,never_justified
hydrogen,cbam_default,medium,2030,10,1,truncate,ningbo_felixstowe,ningbo_felixstowe,250.0,0.0,never_justified
hydrogen,cbam_default,medium,2030,10,1,truncate,ningbo_felixstowe,ningbo_felixstowe,500.0,0.0,never_justified
